{
  "token_acc":1.0,
  "token_p":1.0,
  "token_r":1.0,
  "token_f":1.0,
  "cats_score":0.9830931808,
  "cats_score_desc":"macro F",
  "cats_micro_p":0.985,
  "cats_micro_r":0.985,
  "cats_micro_f":0.985,
  "cats_macro_p":0.9840161736,
  "cats_macro_r":0.9821875,
  "cats_macro_f":0.9830931808,
  "cats_macro_auc":0.9979421875,
  "cats_f_per_type":{
    "RELEVANT":{
      "p":0.9811083123,
      "r":0.97375,
      "f":0.9774153074
    },
    "IRRELEVANT":{
      "p":0.9869240349,
      "r":0.990625,
      "f":0.9887710543
    }
  },
  "cats_auc_per_type":{
    "RELEVANT":0.9979421875,
    "IRRELEVANT":0.9979421875
  },
  "speed":15733.3736997409
}