{
  "token_acc":1.0,
  "token_p":1.0,
  "token_r":1.0,
  "token_f":1.0,
  "cats_score":0.8631084299,
  "cats_score_desc":"macro F",
  "cats_micro_p":0.8791666667,
  "cats_micro_r":0.8791666667,
  "cats_micro_f":0.8791666667,
  "cats_macro_p":0.8657929688,
  "cats_macro_r":0.860625,
  "cats_macro_f":0.8631084299,
  "cats_macro_auc":0.9337507812,
  "cats_f_per_type":{
    "RELEVANT":{
      "p":0.8277634961,
      "r":0.805,
      "f":0.8162230672
    },
    "IRRELEVANT":{
      "p":0.9038224414,
      "r":0.91625,
      "f":0.9099937927
    }
  },
  "cats_auc_per_type":{
    "RELEVANT":0.9337507812,
    "IRRELEVANT":0.9337507812
  },
  "speed":16163.2612536491
}