{
  "token_acc":1.0,
  "token_p":1.0,
  "token_r":1.0,
  "token_f":1.0,
  "cats_score":0.8376784915,
  "cats_score_desc":"macro F",
  "cats_micro_p":0.855,
  "cats_micro_r":0.855,
  "cats_micro_f":0.855,
  "cats_macro_p":0.8360814023,
  "cats_macro_r":0.839375,
  "cats_macro_f":0.8376784915,
  "cats_macro_auc":0.9068390625,
  "cats_f_per_type":{
    "RELEVANT":{
      "p":0.7769607843,
      "r":0.7925,
      "f":0.7846534653
    },
    "IRRELEVANT":{
      "p":0.8952020202,
      "r":0.88625,
      "f":0.8907035176
    }
  },
  "cats_auc_per_type":{
    "RELEVANT":0.9068375,
    "IRRELEVANT":0.906840625
  },
  "speed":19268.9828699112
}